timestamp,kind,kernel_kind,load,attempt,sweep_var,sweep_value,launch_ms,exit
2026-05-13T22:45:00+00:00,minimal,stock,idle,3,mem_mib,256,1340,0
2026-05-13T22:45:01+00:00,minimal,stock,idle,4,mem_mib,256,1338,0
2026-05-13T22:45:02+00:00,minimal,stock,idle,5,mem_mib,256,1339,0
2026-05-13T22:45:04+00:00,minimal,stock,idle,6,mem_mib,256,1337,0
2026-05-13T22:45:05+00:00,minimal,stock,idle,7,mem_mib,256,1340,0
2026-05-13T22:45:07+00:00,minimal,stock,idle,8,mem_mib,256,1338,0
2026-05-13T22:45:08+00:00,minimal,stock,idle,9,mem_mib,256,1237,0
2026-05-13T22:45:09+00:00,minimal,stock,idle,10,mem_mib,256,1337,0
2026-05-13T22:45:11+00:00,minimal,stock,idle,11,mem_mib,256,1337,0
2026-05-13T22:45:12+00:00,minimal,stock,idle,12,mem_mib,256,1342,0
2026-05-13T22:45:13+00:00,minimal,stock,idle,13,mem_mib,256,1336,0
2026-05-13T22:45:15+00:00,minimal,stock,idle,14,mem_mib,256,1339,0
2026-05-13T22:45:16+00:00,minimal,stock,idle,15,mem_mib,256,1338,0
2026-05-13T22:45:18+00:00,minimal,stock,idle,16,mem_mib,256,1339,0
2026-05-13T22:45:19+00:00,minimal,stock,idle,17,mem_mib,256,1343,0
2026-05-13T22:45:20+00:00,minimal,stock,idle,18,mem_mib,256,1341,0
2026-05-13T22:45:22+00:00,minimal,stock,idle,19,mem_mib,256,1339,0
2026-05-13T22:45:23+00:00,minimal,stock,idle,20,mem_mib,256,1338,0
2026-05-13T22:45:25+00:00,minimal,stock,idle,21,mem_mib,256,1340,0
2026-05-13T22:45:26+00:00,minimal,stock,idle,22,mem_mib,256,1337,0
2026-05-13T22:45:27+00:00,minimal,stock,idle,23,mem_mib,256,1340,0
2026-05-13T22:45:29+00:00,minimal,stock,idle,24,mem_mib,256,1341,0
2026-05-13T22:45:30+00:00,minimal,stock,idle,25,mem_mib,256,1339,0
2026-05-13T22:45:32+00:00,minimal,stock,idle,26,mem_mib,256,1341,0
2026-05-13T22:45:33+00:00,minimal,stock,idle,27,mem_mib,256,1337,0
2026-05-13T22:45:34+00:00,minimal,stock,idle,28,mem_mib,256,1341,0
2026-05-13T22:45:36+00:00,minimal,stock,idle,29,mem_mib,256,1239,0
2026-05-13T22:45:37+00:00,minimal,stock,idle,30,mem_mib,256,1340,0
2026-05-13T22:45:38+00:00,minimal,stock,idle,31,mem_mib,256,1340,0
2026-05-13T22:45:40+00:00,minimal,stock,idle,32,mem_mib,256,1337,0
2026-05-13T22:45:44+00:00,minimal,stock,idle,3,mem_mib,512,1340,0
2026-05-13T22:45:45+00:00,minimal,stock,idle,4,mem_mib,512,1341,0
2026-05-13T22:45:47+00:00,minimal,stock,idle,5,mem_mib,512,1338,0
2026-05-13T22:45:48+00:00,minimal,stock,idle,6,mem_mib,512,1340,0
2026-05-13T22:45:50+00:00,minimal,stock,idle,7,mem_mib,512,1341,0
2026-05-13T22:45:51+00:00,minimal,stock,idle,8,mem_mib,512,1337,0
2026-05-13T22:45:52+00:00,minimal,stock,idle,9,mem_mib,512,1340,0
2026-05-13T22:45:54+00:00,minimal,stock,idle,10,mem_mib,512,1341,0
2026-05-13T22:45:55+00:00,minimal,stock,idle,11,mem_mib,512,1338,0
2026-05-13T22:45:57+00:00,minimal,stock,idle,12,mem_mib,512,1338,0
2026-05-13T22:45:58+00:00,minimal,stock,idle,13,mem_mib,512,1339,0
2026-05-13T22:45:59+00:00,minimal,stock,idle,14,mem_mib,512,1336,0
2026-05-13T22:46:01+00:00,minimal,stock,idle,15,mem_mib,512,1338,0
2026-05-13T22:46:02+00:00,minimal,stock,idle,16,mem_mib,512,1338,0
2026-05-13T22:46:04+00:00,minimal,stock,idle,17,mem_mib,512,1338,0
2026-05-13T22:46:05+00:00,minimal,stock,idle,18,mem_mib,512,1339,0
2026-05-13T22:46:06+00:00,minimal,stock,idle,19,mem_mib,512,1340,0
2026-05-13T22:46:08+00:00,minimal,stock,idle,20,mem_mib,512,1336,0
2026-05-13T22:46:09+00:00,minimal,stock,idle,21,mem_mib,512,1338,0
2026-05-13T22:46:10+00:00,minimal,stock,idle,22,mem_mib,512,1340,0
2026-05-13T22:46:12+00:00,minimal,stock,idle,23,mem_mib,512,1338,0
2026-05-13T22:46:13+00:00,minimal,stock,idle,24,mem_mib,512,1340,0
2026-05-13T22:46:15+00:00,minimal,stock,idle,25,mem_mib,512,1339,0
2026-05-13T22:46:16+00:00,minimal,stock,idle,26,mem_mib,512,1339,0
2026-05-13T22:46:17+00:00,minimal,stock,idle,27,mem_mib,512,1339,0
2026-05-13T22:46:19+00:00,minimal,stock,idle,28,mem_mib,512,1337,0
2026-05-13T22:46:20+00:00,minimal,stock,idle,29,mem_mib,512,1337,0
2026-05-13T22:46:22+00:00,minimal,stock,idle,30,mem_mib,512,1339,0
2026-05-13T22:46:23+00:00,minimal,stock,idle,31,mem_mib,512,1338,0
2026-05-13T22:46:24+00:00,minimal,stock,idle,32,mem_mib,512,1340,0
2026-05-13T22:46:29+00:00,minimal,stock,idle,3,mem_mib,1024,1343,0
2026-05-13T22:46:30+00:00,minimal,stock,idle,4,mem_mib,1024,1238,0
2026-05-13T22:46:31+00:00,minimal,stock,idle,5,mem_mib,1024,1340,0
2026-05-13T22:46:33+00:00,minimal,stock,idle,6,mem_mib,1024,1339,0
2026-05-13T22:46:34+00:00,minimal,stock,idle,7,mem_mib,1024,1339,0
2026-05-13T22:46:35+00:00,minimal,stock,idle,8,mem_mib,1024,1339,0
2026-05-13T22:46:37+00:00,minimal,stock,idle,9,mem_mib,1024,1339,0
2026-05-13T22:46:38+00:00,minimal,stock,idle,10,mem_mib,1024,1336,0
2026-05-13T22:46:40+00:00,minimal,stock,idle,11,mem_mib,1024,1341,0
2026-05-13T22:46:41+00:00,minimal,stock,idle,12,mem_mib,1024,1337,0
2026-05-13T22:46:42+00:00,minimal,stock,idle,13,mem_mib,1024,1338,0
2026-05-13T22:46:44+00:00,minimal,stock,idle,14,mem_mib,1024,1341,0
2026-05-13T22:46:45+00:00,minimal,stock,idle,15,mem_mib,1024,1337,0
2026-05-13T22:46:47+00:00,minimal,stock,idle,16,mem_mib,1024,1341,0
2026-05-13T22:46:48+00:00,minimal,stock,idle,17,mem_mib,1024,1337,0
2026-05-13T22:46:49+00:00,minimal,stock,idle,18,mem_mib,1024,1339,0
2026-05-13T22:46:51+00:00,minimal,stock,idle,19,mem_mib,1024,1338,0
2026-05-13T22:46:52+00:00,minimal,stock,idle,20,mem_mib,1024,1339,0
2026-05-13T22:46:54+00:00,minimal,stock,idle,21,mem_mib,1024,1339,0
2026-05-13T22:46:55+00:00,minimal,stock,idle,22,mem_mib,1024,1343,0
2026-05-13T22:46:56+00:00,minimal,stock,idle,23,mem_mib,1024,1341,0
2026-05-13T22:46:58+00:00,minimal,stock,idle,24,mem_mib,1024,1338,0
2026-05-13T22:46:59+00:00,minimal,stock,idle,25,mem_mib,1024,1338,0
2026-05-13T22:47:00+00:00,minimal,stock,idle,26,mem_mib,1024,1339,0
2026-05-13T22:47:02+00:00,minimal,stock,idle,27,mem_mib,1024,1340,0
2026-05-13T22:47:03+00:00,minimal,stock,idle,28,mem_mib,1024,1340,0
2026-05-13T22:47:05+00:00,minimal,stock,idle,29,mem_mib,1024,1342,0
2026-05-13T22:47:06+00:00,minimal,stock,idle,30,mem_mib,1024,1339,0
2026-05-13T22:47:07+00:00,minimal,stock,idle,31,mem_mib,1024,1339,0
2026-05-13T22:47:09+00:00,minimal,stock,idle,32,mem_mib,1024,1338,0
2026-05-13T22:47:13+00:00,minimal,stock,idle,3,mem_mib,2048,1338,0
2026-05-13T22:47:14+00:00,minimal,stock,idle,4,mem_mib,2048,1338,0
2026-05-13T22:47:16+00:00,minimal,stock,idle,5,mem_mib,2048,1341,0
2026-05-13T22:47:17+00:00,minimal,stock,idle,6,mem_mib,2048,1339,0
2026-05-13T22:47:19+00:00,minimal,stock,idle,7,mem_mib,2048,1339,0
2026-05-13T22:47:20+00:00,minimal,stock,idle,8,mem_mib,2048,1338,0
2026-05-13T22:47:21+00:00,minimal,stock,idle,9,mem_mib,2048,1340,0
2026-05-13T22:47:23+00:00,minimal,stock,idle,10,mem_mib,2048,1340,0
2026-05-13T22:47:24+00:00,minimal,stock,idle,11,mem_mib,2048,1340,0
2026-05-13T22:47:26+00:00,minimal,stock,idle,12,mem_mib,2048,1340,0
2026-05-13T22:47:27+00:00,minimal,stock,idle,13,mem_mib,2048,1341,0
2026-05-13T22:47:28+00:00,minimal,stock,idle,14,mem_mib,2048,1338,0
2026-05-13T22:47:30+00:00,minimal,stock,idle,15,mem_mib,2048,1338,0
2026-05-13T22:47:31+00:00,minimal,stock,idle,16,mem_mib,2048,1338,0
2026-05-13T22:47:33+00:00,minimal,stock,idle,17,mem_mib,2048,1339,0
2026-05-13T22:47:34+00:00,minimal,stock,idle,18,mem_mib,2048,1444,0
2026-05-13T22:47:35+00:00,minimal,stock,idle,19,mem_mib,2048,1338,0
2026-05-13T22:47:37+00:00,minimal,stock,idle,20,mem_mib,2048,1340,0
2026-05-13T22:47:38+00:00,minimal,stock,idle,21,mem_mib,2048,1341,0
2026-05-13T22:47:40+00:00,minimal,stock,idle,22,mem_mib,2048,1338,0
2026-05-13T22:47:41+00:00,minimal,stock,idle,23,mem_mib,2048,1337,0
2026-05-13T22:47:42+00:00,minimal,stock,idle,24,mem_mib,2048,1340,0
2026-05-13T22:47:44+00:00,minimal,stock,idle,25,mem_mib,2048,1338,0
2026-05-13T22:47:45+00:00,minimal,stock,idle,26,mem_mib,2048,1237,0
2026-05-13T22:47:46+00:00,minimal,stock,idle,27,mem_mib,2048,1338,0
2026-05-13T22:47:48+00:00,minimal,stock,idle,28,mem_mib,2048,1339,0
2026-05-13T22:47:49+00:00,minimal,stock,idle,29,mem_mib,2048,1338,0
2026-05-13T22:47:51+00:00,minimal,stock,idle,30,mem_mib,2048,1340,0
2026-05-13T22:47:52+00:00,minimal,stock,idle,31,mem_mib,2048,1339,0
2026-05-13T22:47:53+00:00,minimal,stock,idle,32,mem_mib,2048,1339,0
